"Variable / Field Name","Form Name","Section Header","Field Type","Field Label","Choices, Calculations, OR Slider Labels","Field Note","Text Validation Type OR Show Slider Number","Text Validation Min","Text Validation Max",Identifier?,"Branching Logic (Show field only if...)","Required Field?","Custom Alignment","Question Number (surveys only)","Matrix Group Name","Matrix Ranking?","Field Annotation"
group_12_step_participation_record_id,px590603_group_12_step_participation,,text,"Record ID",,PX590603,,,,,,,,,,,
group_12_step_participation_do_you_consider_yourself_member_support_group,px590603_group_12_step_participation,,radio,"Do you currently consider yourself to me a member of [support group]? Select one.","UNDEFINED_CODE, Yes|UNDEFINED_CODE_1, No",PX590603,,,,,,,,,,,
group_12_step_participation_in_past_3_months_have_sponsor,px590603_group_12_step_participation,,radio,"In the past 3 months (90 days), did you Have a sponsor?","UNDEFINED_CODE, Yes|UNDEFINED_CODE_1, No",PX590603,,,,,,,,,,,
group_12_step_participation_in_past_3_months_have_contact_sponsor_phone_inperson_outside_meeting,px590603_group_12_step_participation,,radio,"In the past 3 months (90 days), did you Have contact with your sponsor either by phone or in person outside of a [support group] meeting?","UNDEFINED_CODE, Yes|UNDEFINED_CODE_1, No",PX590603,,,,,,,,,,,
group_12_step_participation_in_past_3_months_contact_other_members_phone_inperson_outside_meeting,px590603_group_12_step_participation,,radio,"In the past 3 months (90 days), did you Have contact with other [support group] members either by phone or in person outside of a meeting?","UNDEFINED_CODE, Yes|UNDEFINED_CODE_1, No",PX590603,,,,,,,,,,,
group_12_step_participation_in_past_3_months_read_12_step_literature_outside_meeting,px590603_group_12_step_participation,,radio,"In the past 3 months (90 days), did you Read 12-step literature (big book, step book, 24 hours a day) outside of a [support group] meeting (e.g., at home)?","UNDEFINED_CODE, Yes|UNDEFINED_CODE_1, No",PX590603,,,,,,,,,,,
group_12_step_participation_in_past_3_months_share_talk_during_meeting,px590603_group_12_step_participation,,radio,"In the past 3 months (90 days), did you Share or talk during [support group] meetings?","UNDEFINED_CODE, Yes|UNDEFINED_CODE_1, No",PX590603,,,,,,,,,,,
group_12_step_participation_in_past_3_months_help_setting_running_meetings,px590603_group_12_step_participation,,radio,"In the past 3 months (90 days), did you Help with setting up/running [support group] meetings (e.g., making coffee, setting up chairs)?","UNDEFINED_CODE, Yes|UNDEFINED_CODE_1, No",PX590603,,,,,,,,,,,
group_12_step_participation_while_participating_complete_written_inventory,px590603_group_12_step_participation,,radio,"While participating in [support group] in the 3 months (90 days), have you Completed a written inventory (Step 4)?","UNDEFINED_CODE, Yes|UNDEFINED_CODE_1, No",PX590603,,,,,,,,,,,
group_12_step_participation_while_participating_discuss_written_inventory_another_person,px590603_group_12_step_participation,,radio,"While participating in [support group] in the 3 months (90 days), have you Discussed your written inventory with another person (i.e., completed a Step 5)?","UNDEFINED_CODE, Yes|UNDEFINED_CODE_1, No",PX590603,,,,,,,,,,,
group_12_step_participation_while_participating_made_list_people_you_harmed,px590603_group_12_step_participation,,radio,"While participating in [support group] in the 3 months (90 days), have you Made a list of people you have harmed (Step 8)?","UNDEFINED_CODE, Yes|UNDEFINED_CODE_1, No",PX590603,,,,,,,,,,,
group_12_step_participation_while_participating_made_direct_amends_people_you_harmed,px590603_group_12_step_participation,,radio,"While participating in [support group] in the 3 months (90 days), have you Made direct amends to people you have harmed (Step 9)?","UNDEFINED_CODE, Yes|UNDEFINED_CODE_1, No",PX590603,,,,,,,,,,,
group_12_step_participation_while_participating_prayed_meditated_not_meeting,px590603_group_12_step_participation,,radio,"While participating in [support group] in the 3 months (90 days), have you Prayed or meditated when not at a meeting (Step 11)?","UNDEFINED_CODE, Yes|UNDEFINED_CODE_1, No",PX590603,,,,,,,,,,,
group_12_step_participation_while_participating_tried_help_members_outside_meeting,px590603_group_12_step_participation,,radio,"While participating in [support group] in the 3 months (90 days), have you Tried to help new/other members at or outside of a meeting (Step 12)?","UNDEFINED_CODE, Yes|UNDEFINED_CODE_1, No",PX590603,,,,,,,,,,,
group_12_step_participation_scale_helpful_group_recovery_effort,px590603_group_12_step_participation,,radio,"On a scale from 1 to 10 where 1 = not at all helpful and 10 = extremely helpful, how helpful is [support group] in your recovery efforts?","UNDEFINED_CODE, 1|UNDEFINED_CODE_1, 2|UNDEFINED_CODE_2, 3|UNDEFINED_CODE_3, 4|UNDEFINED_CODE_4, 5|UNDEFINED_CODE_5, 6|UNDEFINED_CODE_6, 7|UNDEFINED_CODE_7, 8|UNDEFINED_CODE_8, 9|UNDEFINED_CODE_9, 10",PX590603,,,,,,,,,,,
group_12_step_participation_scale_much_enjoy_attending_meetings,px590603_group_12_step_participation,,radio,"On a scale from 1 to 10 where 1 = do not enjoy at all and 10 = enjoy a great deal, how much do you enjoy attending [support group] meetings?","UNDEFINED_CODE, 1|UNDEFINED_CODE_1, 2|UNDEFINED_CODE_2, 3|UNDEFINED_CODE_3, 4|UNDEFINED_CODE_4, 5|UNDEFINED_CODE_5, 6|UNDEFINED_CODE_6, 7|UNDEFINED_CODE_7, 8|UNDEFINED_CODE_8, 9|UNDEFINED_CODE_9, 10",PX590603,,,,,,,,,,,
group_12_step_participation_safe_feel_attending_meetings,px590603_group_12_step_participation,,radio,"On a scale from 1 to 10 where 1 = not at all safe and 10 = completely safe, how safe do you feel when attending [support group] meetings?","UNDEFINED_CODE, 1|UNDEFINED_CODE_1, 2|UNDEFINED_CODE_2, 3|UNDEFINED_CODE_3, 4|UNDEFINED_CODE_4, 5|UNDEFINED_CODE_5, 6|UNDEFINED_CODE_6, 7|UNDEFINED_CODE_7, 8|UNDEFINED_CODE_8, 9|UNDEFINED_CODE_9, 10",PX590603,,,,,,,,,,,
